onset,offset,IOI,seq_code,cv,npvi,ioi_beat,fourier_beat 
0.708,1.114,5.903,KWA4,0.78,78.75,0.47,2.48
6.611,6.785,2.516,KWA4,,,,
9.127,9.31,0.401,KWA4,,,,
9.528,9.627,0.398,KWA4,,,,
9.926,9.982,0.492,KWA4,,,,
10.418,10.618,3.136,KWA4,,,,
13.554,13.782,0.331,KWA4,,,,
13.885,14.124,0.429,KWA4,,,,
14.314,14.412,2.359,KWA4,,,,
16.673,17.201,2.867,KWA4,,,,
19.54,20.135,2.909,KWA4,,,,
22.449,22.9,0.867,KWA4,,,,
23.316,23.565,2.256,KWA4,,,,
25.572,26.005,1.261,KWA4,,,,
26.833,27.086,3.623,KWA4,,,,
30.456,30.71,4.085,KWA4,,,,
34.541,34.783,,KWA4,,,,
