norm_x,output_max,sharpness_base,sharpness_growth,decay,max_freq,weight_exponent,freq_sharpness_exp,agg_pval_empirical
1.0,1.0,40.03060635615142,0.9171739493308191,3.118764001091078,4,1.783331011414365,0.39989966327201165,0.009900990099009901
1.0,1.0,23.503195706327496,1.6685430556951095,0.5714672716877632,4,0.22564631610840108,2.8879950890672994,0.009900990099009901
1.0,1.0,46.98908274177177,0.0038938292050716425,3.968846237164871,4,2.446612641953124,0.02826522087886963,0.009900990099009901
1.0,1.0,2.130058827029372,2.623873301291946,1.5994438868610223,1,3.8950220753658376,0.9310853617212171,0.009900990099009901
1.0,1.0,5.43971529210822,3.091930046665437,1.5298479650686514,6,1.8670515729919201,3.439761626945283,0.009900990099009901
1.0,1.0,34.33506939080121,2.2524962598477156,0.05305984463946613,6,2.2531528713821576,1.5416660101596649,0.009900990099009901
1.0,1.0,1.7823463587904957,1.1544691281107453,0.9641018641040471,4,2.439986631130484,3.3327796469446582,0.009900990099009901
1.0,1.0,9.494868021880833,1.9553030378662046,0.7289443511522494,5,1.7006234979649792,0.8317666514727555,0.009900990099009901
1.0,1.0,28.817316063179586,0.15656646227779294,3.369139098379995,3,1.5806009440072581,3.7066354631751777,0.009900990099009901
1.0,1.0,36.63632779696463,1.6327038440291772,2.281775897621598,4,3.8446880973973974,3.3781353947126065,0.009900990099009901
1.0,1.0,27.30923980958574,0.9746366529906549,2.530738906891308,6,3.648255834958451,1.0830633299811445,0.009900990099009901
1.0,1.0,29.909200913112045,4.7704127720894,3.6546586251362476,6,2.038970736842069,0.4830911300252,0.009900990099009901
1.0,1.0,28.55631235571954,4.816107805912557,2.2874411705068427,2,0.034237613422661635,3.4333826172600497,0.009900990099009901
1.0,1.0,24.39346031099891,4.701511463991792,1.6987945950416856,1,2.531249514409725,0.05895673607290376,0.009900990099009901
1.0,1.0,6.5326347405325205,0.4284034391344405,2.2055181107821062,3,3.5219453204897824,3.7811306200755515,0.009900990099009901
1.0,1.0,49.79828374839191,0.15683834462382698,0.0314421990683842,1,0.009022173302291494,3.759162400579816,0.009900990099009901
1.0,1.0,4.3633530945514085,4.824456814522209,0.2406828756456561,6,0.10733027484863514,0.16264361605945024,0.009900990099009901
1.0,1.0,45.723118317658326,4.734006960118045,0.24666788202445838,6,3.9339871627161407,3.506543675025188,0.009900990099009901
1.0,1.0,7.292039103143383,3.6590554536321296,3.9025263522312073,2,3.7520284164042286,1.4364389590714575,0.009900990099009901
1.0,1.0,5.998986825388632,2.7672476796174545,0.2293544370212755,6,1.607575304349942,3.817864836207904,0.009900990099009901
1.0,1.0,25.41802305795916,0.17529428622821644,1.0938921259289323,4,3.978809930487337,3.3866532221629675,0.009900990099009901
1.0,1.0,47.22399059660006,1.1145519803456592,3.4322164772209045,3,2.051580065846274,0.9981559325394109,0.009900990099009901
1.0,1.0,46.68973001682507,0.4463616475373339,2.1187794471725505,4,0.1570875277421733,3.7816104665664,0.009900990099009901
1.0,1.0,35.33712342240697,1.1616662350174891,0.2673264214984035,5,2.5784384099288755,1.4368120267678577,0.009900990099009901
1.0,1.0,50.0,5.0,4.0,1,4.0,4.0,0.009900990099009901
1.0,1.0,4.348739860476881,4.558889195080051,3.933791612633805,1,0.12574358787523113,1.3554297825953376,0.009900990099009901
1.0,1.0,47.02250869413145,4.781269048614639,3.556447351170464,6,0.24279630477689512,3.863627885959914,0.009900990099009901
1.0,1.0,50.0,5.0,0.0,1,4.0,0.0,0.009900990099009901
1.0,1.0,1.0,0.0,4.0,1,0.0,0.0,0.009900990099009901
1.0,1.0,11.947156920518745,2.8996444749272587,1.2168241616878281,1,3.9930657466587722,0.30040728991893634,0.009900990099009901
1.0,1.0,31.575038833304273,2.583503654885062,0.6474702742756101,3,1.518316935533722,0.9284807533206874,0.009900990099009901
1.0,1.0,23.221368509459417,2.4247282026364796,1.219923012537923,3,3.488836839035116,3.6070584111732815,0.009900990099009901
1.0,1.0,48.448038159721854,1.439532722739221,0.10648005340469882,1,0.2289251945096314,0.32109107385313745,0.009900990099009901
1.0,1.0,48.49531821814177,0.6062045072418905,3.76229268423183,6,0.22858312332052583,0.09245531598817804,0.009900990099009901
1.0,1.0,4.26419405080156,4.468776809448243,3.7652010147737487,6,0.23996772849912956,0.44212415789368953,0.009900990099009901
1.0,1.0,41.27851366476384,4.975983298551766,0.2416588700167362,1,0.3915858958634405,3.9185194430753088,0.009900990099009901
1.0,1.0,7.822880000334914,4.578960056811324,3.8038513234384723,3,1.8842252639139367,2.8988648826397356,0.009900990099009901
1.0,1.0,12.875995237499835,2.2752509353461563,3.1017125829842835,3,1.311122449943004,2.393635280343767,0.009900990099009901
1.0,1.0,1.590992492870435,0.250365091083874,2.1910940399011873,1,1.4214360283854643,1.495288518954952,0.009900990099009901
1.0,1.0,40.7546400781565,4.909383215872617,2.955333682500908,5,1.9493485862033166,1.9456550303530986,0.009900990099009901
1.0,1.0,1.8269206312837656,0.30631491321512,0.6372736598220549,1,3.961301982146019,0.12239870740296602,0.009900990099009901
1.0,1.0,49.37265425016269,4.573758478152372,3.9601088204042756,1,3.8085405360921967,0.5111711178399757,0.009900990099009901
1.0,1.0,1.0,5.0,0.0,1,0.0,4.0,0.009900990099009901
1.0,1.0,8.107060432994892,1.2590132939882857,2.6667422673098526,1,0.3735265104729178,2.96815731619172,0.009900990099009901
1.0,1.0,38.66080348514098,3.7836858789853127,2.7700096495173048,6,2.4627203483638573,1.485397065237659,0.009900990099009901
1.0,1.0,22.161645390108717,0.8802061136728829,2.361883429237218,4,2.801570029017037,0.7272001798917792,0.009900990099009901
1.0,1.0,25.06626832422032,2.7144171512541764,1.8143676335881302,5,2.025301417138993,1.7128292734419364,0.009900990099009901
1.0,1.0,7.1625094229084825,1.805276043406895,2.9938629729111157,3,2.0691802213455466,2.2021135703321,0.009900990099009901
1.0,1.0,49.70810113051026,0.5316792438454205,0.14378517551689332,6,0.04779655441158327,0.785875997589015,0.009900990099009901
1.0,1.0,4.122778672954469,4.659723335107048,0.07299956282547539,6,3.807023313492551,0.6674426300390236,0.009900990099009901
1.0,1.0,25.225939323817457,1.97555999822931,2.0472092849095826,5,3.7541975858865295,3.4778457575190864,0.009900990099009901
1.0,1.0,3.4004438871870155,0.09553196455199976,0.4411353738833764,1,0.19539437092856865,0.08338799819001032,0.009900990099009901
1.0,1.0,49.463790175377206,0.6957544058335053,0.03187109295512736,1,3.9486403562225925,3.8999710302679875,0.009900990099009901
1.0,1.0,1.0,0.0,4.0,6,4.0,4.0,0.009900990099009901
1.0,1.0,46.06562891506627,0.7051512311679643,3.850428868049569,1,3.8596760949421327,3.9941677209898097,0.009900990099009901
1.0,1.0,1.0,5.0,4.0,6,0.0,4.0,0.009900990099009901
1.0,1.0,47.73706049150939,0.04633470436929799,3.937586154416011,6,0.011567894183159401,1.55389940139439,0.009900990099009901
1.0,1.0,31.98182000136286,0.9270315195116681,2.7439586476009796,2,2.239435247474862,0.23791579689758674,0.009900990099009901
1.0,1.0,13.965529886221775,3.3222015509049503,1.9775133701946155,4,2.835264766806608,1.9612205381217827,0.009900990099009901
1.0,1.0,6.980844257401143,3.790869909498472,2.1450794380048905,3,1.5721855732506294,3.894206916210129,0.009900990099009901
