folder,filename,null_model,pval,zscore,diff,sharpness_base,sharpness_growth,decay,max_freq,weight_exponent,freq_sharpness_exp
heterochrony-2-3_0050-jitter,heterochrony-2-3_jitter-0050_08.csv,expon,0.001996007984031936,11076.257601216075,0.016273660543778483,40.03060635615142,0.9171739493308191,3.118764001091078,4.0,1.783331011414365,0.39989966327201165
heterochrony-2-3_0050-jitter,heterochrony-2-3_jitter-0050_09.csv,expon,0.001996007984031936,8096.2120332916265,0.011895263821399113,40.03060635615142,0.9171739493308191,3.118764001091078,4.0,1.783331011414365,0.39989966327201165
heterochrony-2-3_0050-jitter,heterochrony-2-3_jitter-0050_02.csv,expon,0.001996007984031936,9281.571846362629,0.013636839714147971,40.03060635615142,0.9171739493308191,3.118764001091078,4.0,1.783331011414365,0.39989966327201165
heterochrony-2-3_0050-jitter,heterochrony-2-3_jitter-0050_03.csv,expon,0.001996007984031936,30853.76600309546,0.0453315309655151,40.03060635615142,0.9171739493308191,3.118764001091078,4.0,1.783331011414365,0.39989966327201165
heterochrony-2-3_0050-jitter,heterochrony-2-3_jitter-0050_01.csv,expon,0.001996007984031936,11160.728164389382,0.01639776792016103,40.03060635615142,0.9171739493308191,3.118764001091078,4.0,1.783331011414365,0.39989966327201165
heterochrony-2-3_0050-jitter,heterochrony-2-3_jitter-0050_10.csv,expon,0.001996007984031936,15415.991107762957,0.022649762696571644,40.03060635615142,0.9171739493308191,3.118764001091078,4.0,1.783331011414365,0.39989966327201165
heterochrony-2-3_0050-jitter,heterochrony-2-3_jitter-0050_04.csv,expon,0.001996007984031936,23317.249973507973,0.03425859388117116,40.03060635615142,0.9171739493308191,3.118764001091078,4.0,1.783331011414365,0.39989966327201165
heterochrony-2-3_0050-jitter,heterochrony-2-3_jitter-0050_05.csv,expon,0.001996007984031936,11014.358439734562,0.016182715932506163,40.03060635615142,0.9171739493308191,3.118764001091078,4.0,1.783331011414365,0.39989966327201165
heterochrony-2-3_0050-jitter,heterochrony-2-3_jitter-0050_07.csv,expon,0.001996007984031936,34100.82784256892,0.050102238188363235,40.03060635615142,0.9171739493308191,3.118764001091078,4.0,1.783331011414365,0.39989966327201165
heterochrony-2-3_0050-jitter,heterochrony-2-3_jitter-0050_06.csv,expon,0.001996007984031936,28631.62414056941,0.0420666753028138,40.03060635615142,0.9171739493308191,3.118764001091078,4.0,1.783331011414365,0.39989966327201165
heterochrony-2-3_0050-jitter,heterochrony-2-3_jitter-0050_08.csv,uniform,0.003992015968063872,1.7992732562865088,0.01789443642531161,50.0,0.0,0.0,6.0,4.0,0.0
heterochrony-2-3_0050-jitter,heterochrony-2-3_jitter-0050_09.csv,uniform,0.007984031936127744,0.7616354496496218,0.007574745573191884,50.0,0.0,0.0,6.0,4.0,0.0
heterochrony-2-3_0050-jitter,heterochrony-2-3_jitter-0050_02.csv,uniform,0.005988023952095809,0.7945137182418358,0.007901732085686354,50.0,0.0,0.0,6.0,4.0,0.0
heterochrony-2-3_0050-jitter,heterochrony-2-3_jitter-0050_03.csv,uniform,0.003992015968063872,4.22829128955886,0.04205191701946889,50.0,0.0,0.0,6.0,4.0,0.0
heterochrony-2-3_0050-jitter,heterochrony-2-3_jitter-0050_01.csv,uniform,0.003992015968063872,0.9325234750064715,0.00927429003922059,50.0,0.0,0.0,6.0,4.0,0.0
heterochrony-2-3_0050-jitter,heterochrony-2-3_jitter-0050_10.csv,uniform,0.003992015968063872,1.5269891728417624,0.015186470748723795,50.0,0.0,0.0,6.0,4.0,0.0
heterochrony-2-3_0050-jitter,heterochrony-2-3_jitter-0050_04.csv,uniform,0.003992015968063872,3.025016216289125,0.03008490243424306,50.0,0.0,0.0,6.0,4.0,0.0
heterochrony-2-3_0050-jitter,heterochrony-2-3_jitter-0050_05.csv,uniform,0.003992015968063872,1.8723603286322825,0.01862131432728346,50.0,0.0,0.0,6.0,4.0,0.0
heterochrony-2-3_0050-jitter,heterochrony-2-3_jitter-0050_07.csv,uniform,0.003992015968063872,4.51881898087749,0.04494132210784527,50.0,0.0,0.0,6.0,4.0,0.0
heterochrony-2-3_0050-jitter,heterochrony-2-3_jitter-0050_06.csv,uniform,0.003992015968063872,4.073207869966267,0.040509555189311354,50.0,0.0,0.0,6.0,4.0,0.0
heterochrony-2-3_0050-jitter,heterochrony-2-3_jitter-0050_08.csv,empirical,0.6626746506986028,-0.5725162643352143,-0.13839414347981233,1.0,5.0,4.0,1.0,4.0,4.0
heterochrony-2-3_0050-jitter,heterochrony-2-3_jitter-0050_09.csv,empirical,0.5369261477045908,-0.5713787595878093,-0.13811917488061604,1.0,5.0,4.0,1.0,4.0,4.0
heterochrony-2-3_0050-jitter,heterochrony-2-3_jitter-0050_02.csv,empirical,0.48502994011976047,-0.5704077777457552,-0.13788445980134828,1.0,5.0,4.0,1.0,4.0,4.0
heterochrony-2-3_0050-jitter,heterochrony-2-3_jitter-0050_03.csv,empirical,0.9401197604790419,-0.5726886616403746,-0.1384358170162202,1.0,5.0,4.0,1.0,4.0,4.0
heterochrony-2-3_0050-jitter,heterochrony-2-3_jitter-0050_01.csv,empirical,0.5808383233532934,-0.5720025722581316,-0.13826996888522192,1.0,5.0,4.0,1.0,4.0,4.0
heterochrony-2-3_0050-jitter,heterochrony-2-3_jitter-0050_10.csv,empirical,0.5109780439121756,-0.5709178419380514,-0.13800775742869956,1.0,5.0,4.0,1.0,4.0,4.0
heterochrony-2-3_0050-jitter,heterochrony-2-3_jitter-0050_04.csv,empirical,0.9600798403193613,-0.5726888120850231,-0.1384358533831491,1.0,5.0,4.0,1.0,4.0,4.0
heterochrony-2-3_0050-jitter,heterochrony-2-3_jitter-0050_05.csv,empirical,0.6027944111776448,-0.5721591643749627,-0.13830782183933793,1.0,5.0,4.0,1.0,4.0,4.0
heterochrony-2-3_0050-jitter,heterochrony-2-3_jitter-0050_07.csv,empirical,0.8662674650698603,-0.5726856972633834,-0.1384351004384735,1.0,5.0,4.0,1.0,4.0,4.0
heterochrony-2-3_0050-jitter,heterochrony-2-3_jitter-0050_06.csv,empirical,0.7245508982035929,-0.5726461379172119,-0.13842553777244798,1.0,5.0,4.0,1.0,4.0,4.0
random_expon,random_exponential_07.csv,expon,0.06786427145708583,-0.04472260240044171,-6.39848347384561e-30,50.0,1.5572648135340281,0.0,1.0,4.0,4.0
random_expon,random_exponential_06.csv,expon,0.03592814371257485,-0.04472260240044171,-6.39848347384561e-30,50.0,1.5572648135340281,0.0,1.0,4.0,4.0
random_expon,random_exponential_04.csv,expon,0.03592814371257485,-0.04472260240044171,-6.39848347384561e-30,50.0,1.5572648135340281,0.0,1.0,4.0,4.0
random_expon,random_exponential_10.csv,expon,0.03992015968063872,-0.04472260240044171,-6.39848347384561e-30,50.0,1.5572648135340281,0.0,1.0,4.0,4.0
random_expon,random_exponential_05.csv,expon,0.04790419161676647,-0.04472260240044171,-6.39848347384561e-30,50.0,1.5572648135340281,0.0,1.0,4.0,4.0
random_expon,random_exponential_01.csv,expon,0.8542914171656687,-0.04472260240044171,-6.39848347384561e-30,50.0,1.5572648135340281,0.0,1.0,4.0,4.0
random_expon,random_exponential_02.csv,expon,0.13572854291417166,-0.04472260240044171,-6.39848347384561e-30,50.0,1.5572648135340281,0.0,1.0,4.0,4.0
random_expon,random_exponential_03.csv,expon,0.0499001996007984,-0.04472260240044171,-6.39848347384561e-30,50.0,1.5572648135340281,0.0,1.0,4.0,4.0
random_expon,random_exponential_08.csv,expon,0.14570858283433133,-0.04472260240044171,-6.39848347384561e-30,50.0,1.5572648135340281,0.0,1.0,4.0,4.0
random_expon,random_exponential_09.csv,expon,0.09381237524950099,-0.04472260240044171,-6.39848347384561e-30,50.0,1.5572648135340281,0.0,1.0,4.0,4.0
random_expon,random_exponential_07.csv,uniform,0.9780439121756487,-0.0752443402817082,-0.0010758313865107945,37.66784519722436,0.1868762789263412,0.10096554755340661,1.0,0.22034964561475961,3.786346927524552
random_expon,random_exponential_06.csv,uniform,0.9960079840319361,-0.07524478232807268,-0.0010758377068180948,37.66784519722436,0.1868762789263412,0.10096554755340661,1.0,0.22034964561475961,3.786346927524552
random_expon,random_exponential_04.csv,uniform,0.9960079840319361,-0.07524478385905967,-0.0010758377287078988,37.66784519722436,0.1868762789263412,0.10096554755340661,1.0,0.22034964561475961,3.786346927524552
random_expon,random_exponential_10.csv,uniform,0.9960079840319361,-0.07524478169788383,-0.0010758376978077567,37.66784519722436,0.1868762789263412,0.10096554755340661,1.0,0.22034964561475961,3.786346927524552
random_expon,random_exponential_05.csv,uniform,0.9960079840319361,-0.07524478384933975,-0.0010758377285689249,37.66784519722436,0.1868762789263412,0.10096554755340661,1.0,0.22034964561475961,3.786346927524552
random_expon,random_exponential_01.csv,uniform,1.0,-0.07524478391920364,-0.0010758377295678274,37.66784519722436,0.1868762789263412,0.10096554755340661,1.0,0.22034964561475961,3.786346927524552
random_expon,random_exponential_02.csv,uniform,1.0,-0.07524478391749775,-0.001075837729543437,37.66784519722436,0.1868762789263412,0.10096554755340661,1.0,0.22034964561475961,3.786346927524552
random_expon,random_exponential_03.csv,uniform,0.9960079840319361,-0.07524478389338582,-0.0010758377291986885,37.66784519722436,0.1868762789263412,0.10096554755340661,1.0,0.22034964561475961,3.786346927524552
random_expon,random_exponential_08.csv,uniform,0.9960079840319361,-0.07524477833306623,-0.0010758376496981397,37.66784519722436,0.1868762789263412,0.10096554755340661,1.0,0.22034964561475961,3.786346927524552
random_expon,random_exponential_09.csv,uniform,0.9960079840319361,-0.07524478359981525,-0.001075837725001264,37.66784519722436,0.1868762789263412,0.10096554755340661,1.0,0.22034964561475961,3.786346927524552
random_expon,random_exponential_07.csv,empirical,0.26147704590818366,-0.201889116959051,-0.006625532626912585,50.0,0.0,0.0,1.0,3.6763274103551375,0.0
random_expon,random_exponential_06.csv,empirical,0.2754491017964072,-0.20188914564124966,-0.006625533568195829,50.0,0.0,0.0,1.0,3.6763274103551375,0.0
random_expon,random_exponential_04.csv,empirical,0.34930139720558884,-0.2018891459290452,-0.006625533577640611,50.0,0.0,0.0,1.0,3.6763274103551375,0.0
random_expon,random_exponential_10.csv,empirical,0.32335329341317365,-0.2018891459216033,-0.006625533577396386,50.0,0.0,0.0,1.0,3.6763274103551375,0.0
random_expon,random_exponential_05.csv,empirical,0.3333333333333333,-0.20188914592740176,-0.0066255335775866776,50.0,0.0,0.0,1.0,3.6763274103551375,0.0
random_expon,random_exponential_01.csv,empirical,0.5608782435129741,-0.20188914592928367,-0.006625533577648438,50.0,0.0,0.0,1.0,3.6763274103551375,0.0
random_expon,random_exponential_02.csv,empirical,0.37524950099800397,-0.2018891459292685,-0.006625533577647939,50.0,0.0,0.0,1.0,3.6763274103551375,0.0
random_expon,random_exponential_03.csv,empirical,0.3393213572854291,-0.20188914592876936,-0.006625533577631559,50.0,0.0,0.0,1.0,3.6763274103551375,0.0
random_expon,random_exponential_08.csv,empirical,0.2694610778443114,-0.20188914445527442,-0.0066255335292748725,50.0,0.0,0.0,1.0,3.6763274103551375,0.0
random_expon,random_exponential_09.csv,empirical,0.3153692614770459,-0.2018891459123104,-0.006625533577091415,50.0,0.0,0.0,1.0,3.6763274103551375,0.0
random_uniform,random_uniform_09.csv,expon,0.00998003992015968,-0.04275879047840324,-1.0817568561410282e-27,38.360313260896774,4.904591012633977,0.7535760501858827,3.0,3.061324597820334,0.0
random_uniform,random_uniform_08.csv,expon,0.011976047904191617,-0.05060949790529187,-1.2803723101699144e-27,38.360313260896774,4.904591012633977,0.7535760501858827,3.0,3.061324597820334,0.0
random_uniform,random_uniform_01.csv,expon,0.001996007984031936,3596690.0248356606,9.099284732446236e-20,38.360313260896774,4.904591012633977,0.7535760501858827,3.0,3.061324597820334,0.0
random_uniform,random_uniform_03.csv,expon,0.011976047904191617,-0.05060480844801638,-1.2802536713472866e-27,38.360313260896774,4.904591012633977,0.7535760501858827,3.0,3.061324597820334,0.0
random_uniform,random_uniform_02.csv,expon,0.011976047904191617,-0.050612440383094676,-1.2804467520683312e-27,38.360313260896774,4.904591012633977,0.7535760501858827,3.0,3.061324597820334,0.0
random_uniform,random_uniform_06.csv,expon,0.001996007984031936,2023.3285111497216,5.118829285564875e-23,38.360313260896774,4.904591012633977,0.7535760501858827,3.0,3.061324597820334,0.0
random_uniform,random_uniform_07.csv,expon,0.001996007984031936,17280.26917206836,4.371744252749374e-22,38.360313260896774,4.904591012633977,0.7535760501858827,3.0,3.061324597820334,0.0
random_uniform,random_uniform_05.csv,expon,0.001996007984031936,6829140.0013127215,1.727707667900072e-19,38.360313260896774,4.904591012633977,0.7535760501858827,3.0,3.061324597820334,0.0
random_uniform,random_uniform_10.csv,expon,0.001996007984031936,204204.33801303437,5.166176129582351e-21,38.360313260896774,4.904591012633977,0.7535760501858827,3.0,3.061324597820334,0.0
random_uniform,random_uniform_04.csv,expon,0.001996007984031936,32227.157863524917,8.15316536851423e-22,38.360313260896774,4.904591012633977,0.7535760501858827,3.0,3.061324597820334,0.0
random_uniform,random_uniform_09.csv,uniform,0.9960079840319361,-0.07524478351190847,-0.0010758377237443872,37.66784519722436,0.1868762789263412,0.10096554755340661,1.0,0.22034964561475961,3.786346927524552
random_uniform,random_uniform_08.csv,uniform,0.9960079840319361,-0.07524478377777417,-0.001075837727545692,37.66784519722436,0.1868762789263412,0.10096554755340661,1.0,0.22034964561475961,3.786346927524552
random_uniform,random_uniform_01.csv,uniform,0.9960079840319361,-0.07524478382936796,-0.0010758377282833714,37.66784519722436,0.1868762789263412,0.10096554755340661,1.0,0.22034964561475961,3.786346927524552
random_uniform,random_uniform_03.csv,uniform,0.9860279441117764,-0.07524469262240785,-0.0010758364242210328,37.66784519722436,0.1868762789263412,0.10096554755340661,1.0,0.22034964561475961,3.786346927524552
random_uniform,random_uniform_02.csv,uniform,0.9960079840319361,-0.07524478289841452,-0.0010758377149727501,37.66784519722436,0.1868762789263412,0.10096554755340661,1.0,0.22034964561475961,3.786346927524552
random_uniform,random_uniform_06.csv,uniform,0.9960079840319361,-0.07524478349176156,-0.0010758377234563298,37.66784519722436,0.1868762789263412,0.10096554755340661,1.0,0.22034964561475961,3.786346927524552
random_uniform,random_uniform_07.csv,uniform,0.9960079840319361,-0.07524478338308616,-0.0010758377219025066,37.66784519722436,0.1868762789263412,0.10096554755340661,1.0,0.22034964561475961,3.786346927524552
random_uniform,random_uniform_05.csv,uniform,0.9960079840319361,-0.07524478365673243,-0.0010758377258150566,37.66784519722436,0.1868762789263412,0.10096554755340661,1.0,0.22034964561475961,3.786346927524552
random_uniform,random_uniform_10.csv,uniform,0.9001996007984032,-0.07523867744852267,-0.001075750420239381,37.66784519722436,0.1868762789263412,0.10096554755340661,1.0,0.22034964561475961,3.786346927524552
random_uniform,random_uniform_04.csv,uniform,0.9960079840319361,-0.07524477888283969,-0.0010758376575587118,37.66784519722436,0.1868762789263412,0.10096554755340661,1.0,0.22034964561475961,3.786346927524552
random_uniform,random_uniform_09.csv,empirical,0.3393213572854291,-0.1973787846619696,-0.005905817983914646,50.0,0.0,1.8363212649602734,1.0,1.5955940368625343,1.9121254610183043
random_uniform,random_uniform_08.csv,empirical,0.3393213572854291,-0.19737878466202946,-0.005905817983916437,50.0,0.0,1.8363212649602734,1.0,1.5955940368625343,1.9121254610183043
random_uniform,random_uniform_01.csv,empirical,0.36127744510978044,-0.1973787846622152,-0.005905817983921995,50.0,0.0,1.8363212649602734,1.0,1.5955940368625343,1.9121254610183043
random_uniform,random_uniform_03.csv,empirical,0.2714570858283433,-0.19737878420342597,-0.005905817970194452,50.0,0.0,1.8363212649602734,1.0,1.5955940368625343,1.9121254610183043
random_uniform,random_uniform_02.csv,empirical,0.32335329341317365,-0.19737878465977665,-0.005905817983849031,50.0,0.0,1.8363212649602734,1.0,1.5955940368625343,1.9121254610183043
random_uniform,random_uniform_06.csv,empirical,0.3473053892215569,-0.1973787846621069,-0.0059058179839187545,50.0,0.0,1.8363212649602734,1.0,1.5955940368625343,1.9121254610183043
random_uniform,random_uniform_07.csv,empirical,0.3393213572854291,-0.19737878466193348,-0.005905817983913565,50.0,0.0,1.8363212649602734,1.0,1.5955940368625343,1.9121254610183043
random_uniform,random_uniform_05.csv,empirical,0.3373253493013972,-0.1973787846617775,-0.005905817983908898,50.0,0.0,1.8363212649602734,1.0,1.5955940368625343,1.9121254610183043
random_uniform,random_uniform_10.csv,empirical,0.25748502994011974,-0.1973787487607136,-0.005905816909704549,50.0,0.0,1.8363212649602734,1.0,1.5955940368625343,1.9121254610183043
random_uniform,random_uniform_04.csv,empirical,0.28542914171656686,-0.1973787846162272,-0.005905817982545977,50.0,0.0,1.8363212649602734,1.0,1.5955940368625343,1.9121254610183043
