onset,IOI,label
0.1,0.5034780024002239,a
0.6034780024002239,0.4988804538641264,a
1.1023584562643505,0.502244768535908,a
1.6046032248002584,0.49981167372202273,a
2.1044148985222813,0.4982641662748588,a
2.60267906479714,0.5026214851538235,a
3.105300549950963,0.4991872219958656,a
3.604487771946829,0.49755855012144523,a
4.102046322068274,0.5008610733046731,a
4.602907395372947,0.5016869794519484,a
5.104594374824895,0.5022082647395937,a
5.6068026395644885,0.4980533055434475,a
6.104855945107936,0.4968962345863166,a
6.601752179694252,0.4986141648267927,a
7.100366344521045,0.500279200575355,a
7.6006455450964,0.5039416062832501,a
8.10458715137965,0.4992569757656714,a
8.603844127145322,0.4975997451526294,a
9.101443872297951,0.49703946484581696,a
9.598483337143767,0.498148722669296,a
10.096632059813063,,a
