IOI,Data,Onset
0.0898,S_bil_IC_p21_10,0.1
0.0872,S_bil_IC_p21_10,0.18980000000000002
0.0846,S_bil_IC_p21_10,0.277
0.0798,S_bil_IC_p21_10,0.36160000000000003
0.0799,S_bil_IC_p21_10,0.4414
0.0819,S_bil_IC_p21_10,0.5213
0.0892,S_bil_IC_p21_10,0.6032
0.0778,S_bil_IC_p21_10,0.6923999999999999
0.0606,S_bil_IC_p21_10,0.7701999999999999
0.1038,S_bil_IC_p21_10,0.8307999999999999
0.0686,S_bil_IC_p21_10,0.9345999999999999
0.0659,S_bil_IC_p21_10,1.0031999999999999
0.0752,S_bil_IC_p21_10,1.0691
0.0679,S_bil_IC_p21_10,1.1442999999999999
0.0699,S_bil_IC_p21_10,1.2122
0.0752,S_bil_IC_p21_10,1.2821
0.0639,S_bil_IC_p21_10,1.3573
0.0879,S_bil_IC_p21_10,1.4212
0.0672,S_bil_IC_p21_10,1.5091
