IOI,Data,onset
0.7945,sw114a002_coda_54.xls,0.1
0.442466667,sw114a002_coda_54.xls,0.8945
0.42515,sw114a002_coda_54.xls,1.336966667
0.4228,sw114a002_coda_54.xls,1.762116667
0.426091667,sw114a002_coda_54.xls,2.184916667
0.43585,sw114a002_coda_54.xls,2.611008334
0.444508333,sw114a002_coda_54.xls,3.046858334
0.4503,sw114a002_coda_54.xls,3.491366667
0.434858333,sw114a002_coda_54.xls,3.941666667
0.426975,sw114a002_coda_54.xls,4.376525
0.439125,sw114a002_coda_54.xls,4.8035
0.416691667,sw114a002_coda_54.xls,5.242624999999999
0.447258333,sw114a002_coda_54.xls,5.659316667
0.502725,sw114a002_coda_54.xls,6.106574999999999
0.4446,sw114a002_coda_54.xls,6.609299999999999
0.449608333,sw114a002_coda_54.xls,7.0539
0.415166667,sw114a002_coda_54.xls,7.503508332999999
0.424475,sw114a002_coda_54.xls,7.9186749999999995
0.436016667,sw114a002_coda_54.xls,8.34315
0.455641667,sw114a002_coda_54.xls,8.779166667
0.445916667,sw114a002_coda_54.xls,9.234808334
0.4271,sw114a002_coda_54.xls,9.680725001
0.408975,sw114a002_coda_54.xls,10.107825001
0.423941667,sw114a002_coda_54.xls,10.516800001
0.460133333,sw114a002_coda_54.xls,10.940741668
0.516216667,sw114a002_coda_54.xls,11.400875001
0.804366667,sw114a002_coda_54.xls,11.917091668
0.468833333,sw114a002_coda_54.xls,12.721458335
0.420966667,sw114a002_coda_54.xls,13.190291667999999
0.427591667,sw114a002_coda_54.xls,13.611258334999999
0.434258333,sw114a002_coda_54.xls,14.038850001999998
0.450283333,sw114a002_coda_54.xls,14.473108335
0.459,sw114a002_coda_54.xls,14.923391667999999
0.458908333,sw114a002_coda_54.xls,15.382391667999999
0.452025,sw114a002_coda_54.xls,15.841300000999999
0.440966667,sw114a002_coda_54.xls,16.293325001
0.440716667,sw114a002_coda_54.xls,16.734291668
0.430216667,sw114a002_coda_54.xls,17.175008335
0.442233333,sw114a002_coda_54.xls,17.605225002
0.596491667,sw114a002_coda_54.xls,18.047458335
0.45295,sw114a002_coda_54.xls,18.643950002
0.4738,sw114a002_coda_54.xls,19.096900002
0.450758333,sw114a002_coda_54.xls,19.570700002000002
0.421341667,sw114a002_coda_54.xls,20.021458335000002
0.421433333,sw114a002_coda_54.xls,20.442800002000002
0.646491667,sw114a002_coda_54.xls,20.864233335
0.543825,sw114a002_coda_54.xls,21.510725002
0.434416667,sw114a002_coda_54.xls,22.054550002
0.419008333,sw114a002_coda_54.xls,22.488966669
0.426225,sw114a002_coda_54.xls,22.907975002
0.436,sw114a002_coda_54.xls,23.334200002
0.452325,sw114a002_coda_54.xls,23.770200002
0.465041667,sw114a002_coda_54.xls,24.222525001999998
0.467433333,sw114a002_coda_54.xls,24.687566669
0.445916667,sw114a002_coda_54.xls,25.155000001999998
0.451141667,sw114a002_coda_54.xls,25.600916668999997
0.452741667,sw114a002_coda_54.xls,26.052058335999998
0.431825,sw114a002_coda_54.xls,26.504800003
0.428741667,sw114a002_coda_54.xls,26.936625003
0.432816667,sw114a002_coda_54.xls,27.36536667
0.633533333,sw114a002_coda_54.xls,27.798183337
0.44585,sw114a002_coda_54.xls,28.43171667
0.429333333,sw114a002_coda_54.xls,28.87756667
0.445875,sw114a002_coda_54.xls,29.306900003
0.440516667,sw114a002_coda_54.xls,29.752775003
0.439291667,sw114a002_coda_54.xls,30.19329167
0.4545,sw114a002_coda_54.xls,30.632583337
0.449466667,sw114a002_coda_54.xls,31.087083337
0.4499,sw114a002_coda_54.xls,31.536550004
0.436566667,sw114a002_coda_54.xls,31.986450003999998
0.433566667,sw114a002_coda_54.xls,32.423016671
0.43255,sw114a002_coda_54.xls,32.856583338
0.42305,sw114a002_coda_54.xls,33.289133338
0.415025,sw114a002_coda_54.xls,33.712183338
0.417741667,sw114a002_coda_54.xls,34.127208338
0.578908333,sw114a002_coda_54.xls,34.544950005000004
0.462041667,sw114a002_coda_54.xls,35.123858338000005
0.420608333,sw114a002_coda_54.xls,35.585900005000006
0.436125,sw114a002_coda_54.xls,36.006508338
0.472908333,sw114a002_coda_54.xls,36.442633338
0.71805,sw114a002_coda_54.xls,36.915541671
0.673983333,sw114a002_coda_54.xls,37.633591671
0.633275,sw114a002_coda_54.xls,38.307575004
0.7038,sw114a002_coda_54.xls,38.940850004
0.640508333,sw114a002_coda_54.xls,39.644650004
0.486133333,sw114a002_coda_54.xls,40.285158337
0.429808333,sw114a002_coda_54.xls,40.77129167
0.441558333,sw114a002_coda_54.xls,41.20110000299999
0.51485,sw114a002_coda_54.xls,41.642658336
0.665225,sw114a002_coda_54.xls,42.157508336
0.589783333,sw114a002_coda_54.xls,42.822733336
0.560516667,sw114a002_coda_54.xls,43.412516669
0.545458333,sw114a002_coda_54.xls,43.973033336
0.49075,sw114a002_coda_54.xls,44.518491669
0.447633333,sw114a002_coda_54.xls,45.009241669
0.449658333,sw114a002_coda_54.xls,45.456875002
0.434633333,sw114a002_coda_54.xls,45.906533335
0.557333333,sw114a002_coda_54.xls,46.341166668
0.55625,sw114a002_coda_54.xls,46.898500001
0.502091667,sw114a002_coda_54.xls,47.454750001
0.510591667,sw114a002_coda_54.xls,47.956841668
0.5485,sw114a002_coda_54.xls,48.467433335
0.563333333,sw114a002_coda_54.xls,49.015933335
0.5706,sw114a002_coda_54.xls,49.579266668
0.565925,sw114a002_coda_54.xls,50.149866668
0.58965,sw114a002_coda_54.xls,50.715791668
0.569191667,sw114a002_coda_54.xls,51.305441668
0.585883333,sw114a002_coda_54.xls,51.874633335
0.594841667,sw114a002_coda_54.xls,52.460516668
0.576666667,sw114a002_coda_54.xls,53.055358334999994
0.55945,sw114a002_coda_54.xls,53.63202500199999
0.56465,sw114a002_coda_54.xls,54.19147500199999
0.5781,sw114a002_coda_54.xls,54.75612500199999
0.54855,sw114a002_coda_54.xls,55.33422500199999
0.515983333,sw114a002_coda_54.xls,55.88277500199999
0.638341667,sw114a002_coda_54.xls,56.39875833499999
0.641466667,sw114a002_coda_54.xls,57.03710000199999
0.646783333,sw114a002_coda_54.xls,57.67856666899999
0.702825,sw114a002_coda_54.xls,58.32535000199999
,,59.02817500199999
