param_set,description,data,level,mean_real,median_real,pval_expon_mean,pval_expon_median,pval_uniform_mean,pval_uniform_median,mean_expon,median_expon,mean_uniform,median_uniform,best_peaks
Set_1,isochrony only,accelerando.csv,sequence,0.20210758273219115,0.001506474274371576,0.014925373134328358,0.004975124378109453,0.20398009950248755,0.10945273631840796,0.09488612825622773,0.0,0.16941418783689877,1.1418962644220132e-08,"1/1 : 43%
keine Proximity : 57%"
Set_2,simple heterochrony,accelerando.csv,sequence,0.13755188347878036,3.77949007577591e-05,0.7412935323383084,0.8805970149253731,0.5920398009950248,0.6567164179104478,0.15399222177362648,0.0003970190914947754,0.14224582534359254,0.00010597967195698845,"2/1 : 21%
3/1 : 7%
4/1 : 3%
keine Proximity : 67%"
Set_3,"complex heterochrony, 2nd harmonic, punished high ratios",accelerando.csv,sequence,0.2630274714723419,0.07665599293679301,0.22388059701492538,0.21890547263681592,0.263681592039801,0.26865671641791045,0.23942470730268034,0.04714352174955201,0.24442685265272948,0.05165363369509694,"3/2 : 28%
2/1 : 15%
5/2 : 9%
keine Proximity : 36%"
Set_4,"high complexity, multiple harmonics, mild decay",accelerando.csv,sequence,0.22233275200629574,0.05130473175851272,0.029850746268656716,0.07462686567164178,0.0845771144278607,0.17412935323383086,0.17580557661433907,0.01676289270619432,0.18890385277865931,0.029531772017326506,"2/1 : 19%
3/2 : 13%
4/3 : 10%
keine Proximity : 35%"
Set_1,isochrony only,heterochrony-1-2,dataset,0.3823061327300704,9.836427044081984e-05,0.004975124378109453,0.010945273631840797,0.004975124378109453,0.17114427860696518,0.09488612825622775,0.0,0.1680169687496646,0.0,"1/1 : 47%
keine Proximity : 53%"
Set_2,simple heterochrony,heterochrony-1-2,dataset,0.21822351751840996,0.00025081964849571156,0.12786069651741294,0.5199004975124379,0.08606965174129352,0.35621890547263685,0.15399222177362648,0.0003970190914947733,0.14130623836397732,8.942964348771626e-05,"2/1 : 43%
keine Proximity : 56%
3/1 : 1%"
Set_3,"complex heterochrony, 2nd harmonic, punished high ratios",heterochrony-1-2,dataset,0.2052638112374169,0.006308509512192385,0.827363184079602,0.9452736318407959,0.855223880597015,0.9572139303482586,0.23942470730268028,0.047143521749552,0.24453529778538777,0.048259451542375174,"2/1 : 35%
5/2 : 7%
3/2 : 6%
keine Proximity : 51%"
Set_4,"high complexity, multiple harmonics, mild decay",heterochrony-1-2,dataset,0.23078277940682698,0.019001776654079153,0.09999999999999999,0.4333333333333333,0.18009950248756218,0.6293532338308457,0.17580557661433902,0.01676289270619416,0.18892093858807127,0.027741203103847374,"2/1 : 43%
7/3 : 2%
5/2 : 2%
keine Proximity : 50%
4/3 : 2%
5/3 : 2%
3/2 : 1%"
Set_1,isochrony only,heterochrony-2-3,dataset,0.4538744872917785,0.09175867090062823,0.004975124378109453,0.004975124378109453,0.004975124378109453,0.021393034825870648,0.09488612825622775,0.0,0.16698979598557356,0.0,"1/1 : 71%
keine Proximity : 29%"
Set_2,simple heterochrony,heterochrony-2-3,dataset,0.01575802775842525,4.1514486771827613e-07,1.0,0.9651741293532338,1.0,0.8860696517412936,0.15399222177362648,0.0003970190914947728,0.14119154626717945,8.139944414133775e-05,"2/1 : 11%
keine Proximity : 89%"
Set_3,"complex heterochrony, 2nd harmonic, punished high ratios",heterochrony-2-3,dataset,0.3315385801783196,0.03061554750521888,0.02487562189054727,0.5288557213930349,0.030348258706467658,0.5363184079601991,0.23942470730268034,0.047143521749551914,0.2438512974632332,0.04851878169004556,"3/2 : 52%
keine Proximity : 48%
2/1 : 0%"
Set_4,"high complexity, multiple harmonics, mild decay",heterochrony-2-3,dataset,0.24213720840553896,0.019701687437877667,0.02537313432835821,0.4592039800995025,0.05671641791044776,0.6880597014925374,0.17580557661433907,0.01676289270619416,0.18779233996790054,0.0274671953610611,"3/2 : 40%
4/3 : 5%
5/3 : 7%
keine Proximity : 48%
2/1 : 0%"
Set_1,isochrony only,isochrony_small-jitter,dataset,0.9998709288579212,0.9999499841884478,0.004975124378109453,0.004975124378109453,0.004975124378109453,0.004975124378109453,0.09488612825622775,0.0,0.17171400610028548,3.371105602092277e-08,1/1 : 100%
Set_2,simple heterochrony,isochrony_small-jitter,dataset,0.6151068511350416,0.614001184687618,0.004975124378109453,0.004975124378109453,0.004975124378109453,0.004975124378109453,0.15399222177362648,0.00039701909149477484,0.14386164534642581,0.000126757127424572,2/1 : 100%
Set_3,"complex heterochrony, 2nd harmonic, punished high ratios",isochrony_small-jitter,dataset,0.6221953915174876,0.6212451259134948,0.004975124378109453,0.004975124378109453,0.004975124378109453,0.004975124378109453,0.23942470730268037,0.04714352174955191,0.2474885742273337,0.056295804880589724,3/2 : 100%
Set_4,"high complexity, multiple harmonics, mild decay",isochrony_small-jitter,dataset,0.5405657549972707,0.5356311530795621,0.004975124378109453,0.004975124378109453,0.004975124378109453,0.004975124378109453,0.17580557661433902,0.016762892706194167,0.19168697841406107,0.030485075657903947,2/1 : 100%
Set_1,isochrony only,isochrony_big-jitter,dataset,0.7585093489787267,0.8575679202124142,0.004975124378109453,0.004975124378109453,0.004975124378109453,0.004975124378109453,0.09488612825622773,0.0,0.17071144893326068,1.9531557888494826e-08,"1/1 : 100%
keine Proximity : 0%"
Set_2,simple heterochrony,isochrony_big-jitter,dataset,0.009381566658667517,3.9953225421508974e-10,1.0,0.9815920398009951,1.0,0.9761194029850746,0.15399222177362648,0.00039701909149477446,0.14369895098094843,0.00011398212346896451,"2/1 : 3%
keine Proximity : 97%"
Set_3,"complex heterochrony, 2nd harmonic, punished high ratios",isochrony_big-jitter,dataset,0.02025984100658199,7.318358057934072e-07,1.0,1.0,1.0,1.0,0.23942470730268034,0.047143521749552,0.24611503372199364,0.05445113652867723,"3/2 : 9%
keine Proximity : 91%"
Set_4,"high complexity, multiple harmonics, mild decay",isochrony_big-jitter,dataset,0.02711456189667118,4.0771755512060046e-23,1.0,1.0,1.0,1.0,0.17580557661433902,0.01676289270619416,0.19044602413722117,0.029196826513622605,"4/3 : 6%
keine Proximity : 93%
3/2 : 1%
5/3 : 0%"
Set_1,isochrony only,random exponential,dataset,0.14845548580631024,0.0,0.11044776119402985,0.9039800995024876,0.6601990049751243,0.9432835820895523,0.09488612825622775,0.0,0.16747138797234068,0.0,"1/1 : 28%
keine Proximity : 72%"
Set_2,simple heterochrony,random exponential,dataset,0.15656501975426448,0.001755607804327072,0.41492537313432837,0.25671641791044775,0.3189054726368159,0.1681592039800995,0.15399222177362648,0.0003970190914947746,0.14094500911187224,8.795694833456483e-05,"4/1 : 4%
2/1 : 17%
3/1 : 10%
keine Proximity : 67%
5/1 : 2%
6/1 : 0%
7/1 : 0%"
Set_3,"complex heterochrony, 2nd harmonic, punished high ratios",random exponential,dataset,0.2526017886936435,0.06445237937140702,0.3905472636815921,0.354228855721393,0.43930348258706464,0.36368159203980105,0.23942470730268034,0.047143521749552,0.2436019103022234,0.04860441210472016,"3/2 : 23%
2/1 : 15%
4/1 : 1%
keine Proximity : 49%
3/1 : 2%
7/2 : 3%
5/2 : 6%
17/2 : 1%"
Set_4,"high complexity, multiple harmonics, mild decay",random exponential,dataset,0.17879737236724433,0.036532299506925964,0.4144278606965174,0.28955223880597014,0.5203980099502488,0.4253731343283582,0.17580557661433902,0.01676289270619423,0.1879501308233102,0.027692824029579385,"2/1 : 18%
4/1 : 1%
3/1 : 8%
keine Proximity : 61%
4/3 : 4%
5/3 : 1%
3/2 : 7%"
Set_1,isochrony only,random uniform,dataset,0.20818288838625393,0.000333271279793974,0.015422885572139305,0.011442786069651743,0.2189054726368159,0.16467661691542287,0.09488612825622775,0.0,0.1684235959433372,7.936315927205255e-09,"1/1 : 42%
keine Proximity : 58%"
Set_2,simple heterochrony,random uniform,dataset,0.14324844500641615,0.00011841205397205746,0.6497512437810945,0.7378109452736318,0.5029850746268657,0.5323383084577115,0.15399222177362648,0.0003970190914947745,0.14162382833876722,9.954628015853737e-05,"2/1 : 18%
3/1 : 10%
4/1 : 2%
keine Proximity : 69%
5/1 : 1%
6/1 : 0%"
Set_3,"complex heterochrony, 2nd harmonic, punished high ratios",random uniform,dataset,0.2591662270769157,0.06543498418136515,0.32587064676616917,0.3597014925373134,0.3761194029850746,0.35870646766169156,0.23942470730268034,0.047143521749552005,0.2443292418352919,0.04865927891956436,"3/2 : 30%
2/1 : 15%
5/2 : 9%
keine Proximity : 43%
3/1 : 4%"
Set_4,"high complexity, multiple harmonics, mild decay",random uniform,dataset,0.20788969970398222,0.04717089185260351,0.1592039800995025,0.13383084577114426,0.29701492537313434,0.24427860696517417,0.17580557661433907,0.016762892706194125,0.18887230228364635,0.02869599369529478,"2/1 : 21%
3/2 : 16%
4/3 : 9%
keine Proximity : 49%
3/1 : 4%"
